objectid,unique_code,name,pollutant_metric,maximum_value,unit,compliance_status,compliance_metric,globalid,shape_Length,shape_Area
1,E06000001,Hartlepool,PM10 annual mean Limit Value 2022,14,μg m⁻³,Compliant,Limit Value: 40 μg m⁻³,{164EE9EF-D96E-414A-9DC9-D81DBE145A79},70995.7229330668,93717029.9070697
2,E06000002,Middlesbrough,PM10 annual mean Limit Value 2022,22,μg m⁻³,Compliant,Limit Value: 40 μg m⁻³,{D0F7D213-7029-46AA-83BD-783204F9D050},44481.4413849519,53881562.628025
3,E06000003,Redcar and Cleveland,PM10 annual mean Limit Value 2022,14,μg m⁻³,Compliant,Limit Value: 40 μg m⁻³,{B2E36D78-E03E-41C7-8168-CE4521F9FD41},96704.0315253802,245069509.42357
4,E06000004,Stockton-on-Tees,PM10 annual mean Limit Value 2022,20,μg m⁻³,Compliant,Limit Value: 40 μg m⁻³,{E559AA09-6336-45DB-8EA0-C2EA9FB9E8F0},123408.788095676,204932952.708987
5,E06000005,Darlington,PM10 annual mean Limit Value 2022,15,μg m⁻³,Compliant,Limit Value: 40 μg m⁻³,{2816C9D8-5C2A-48E4-A42A-18D71EF5695F},107203.152334417,197477768.128264
6,E06000006,Halton,PM10 annual mean Limit Value 2022,18,μg m⁻³,Compliant,Limit Value: 40 μg m⁻³,{DD459D04-C0E5-45D1-B089-264CDD6ADF5A},77770.9338001437,79084032.6157127
7,E06000007,Warrington,PM10 annual mean Limit Value 2022,18,μg m⁻³,Compliant,Limit Value: 40 μg m⁻³,{DC9D7B56-05C0-47D2-98B5-72DBEBDF62C5},114690.686845761,180627982.923395
8,E06000008,Blackburn with Darwen,PM10 annual mean Limit Value 2022,15,μg m⁻³,Compliant,Limit Value: 40 μg m⁻³,{257A656C-E97E-4433-8A02-65E2B1E3FF1C},65284.9523177377,137022079.422086
9,E06000009,Blackpool,PM10 annual mean Limit Value 2022,17,μg m⁻³,Compliant,Limit Value: 40 μg m⁻³,{E0B153BB-832D-405A-BED9-6FC9C0C5894C},34483.4799655354,34870886.4500427
10,E06000010,Kingston upon Hull City of,PM10 annual mean Limit Value 2022,20,μg m⁻³,Compliant,Limit Value: 40 μg m⁻³,{238C79A6-227D-4571-8AAA-E1847E3987C6},64681.104078276,71583611.1153285
11,E06000011,East Riding of Yorkshire,PM10 annual mean Limit Value 2022,16,μg m⁻³,Compliant,Limit Value: 40 μg m⁻³,{EAB25284-D96B-4E03-9743-3170EC2C1E3F},504081.639206158,2404771586.81277
12,E06000012,North East Lincolnshire,PM10 annual mean Limit Value 2022,16,μg m⁻³,Compliant,Limit Value: 40 μg m⁻³,{333145CA-F1DA-49BE-8D82-0C018C4FC969},93248.4865198867,192622955.911922
13,E06000013,North Lincolnshire,PM10 annual mean Limit Value 2022,19,μg m⁻³,Compliant,Limit Value: 40 μg m⁻³,{8E9F0B50-2CF8-4396-B17A-81FC7EF23804},244547.837491271,846540130.358074
14,E06000014,York,PM10 annual mean Limit Value 2022,17,μg m⁻³,Compliant,Limit Value: 40 μg m⁻³,{F895CA4A-0332-4697-958D-47D305C40BD7},101947.387733639,271931825.229475
15,E06000015,Derby,PM10 annual mean Limit Value 2022,21,μg m⁻³,Compliant,Limit Value: 40 μg m⁻³,{EAD3C21D-627B-47E3-B23A-428896562EE2},50037.5273504427,78031123.6712438
16,E06000016,Leicester,PM10 annual mean Limit Value 2022,20,μg m⁻³,Compliant,Limit Value: 40 μg m⁻³,{8102F324-A949-4E1E-8F06-3EAA2E5F9713},51931.7073368346,73342071.6979175
17,E06000017,Rutland,PM10 annual mean Limit Value 2022,17,μg m⁻³,Compliant,Limit Value: 40 μg m⁻³,{9E23F830-CB0D-4FA4-9E43-964F0297FB05},125884.932019303,393748906.930668
18,E06000018,Nottingham,PM10 annual mean Limit Value 2022,21,μg m⁻³,Compliant,Limit Value: 40 μg m⁻³,{66ECB964-7ED6-4959-9645-8D5E59A039EA},58724.0327675763,74613555.3419195
19,E06000019,Herefordshire County of,PM10 annual mean Limit Value 2022,16,μg m⁻³,Compliant,Limit Value: 40 μg m⁻³,{6FD7FE88-125C-4373-941F-18397AFA0B87},349889.259975133,2179709442.72887
20,E06000020,Telford and Wrekin,PM10 annual mean Limit Value 2022,15,μg m⁻³,Compliant,Limit Value: 40 μg m⁻³,{E52B9FE2-BE0B-493F-AA86-7D7931E41D3F},118779.656757853,290313543.52614
21,E06000021,Stoke-on-Trent,PM10 annual mean Limit Value 2022,21,μg m⁻³,Compliant,Limit Value: 40 μg m⁻³,{32F1223A-1347-47EE-99D4-88989820D206},63974.4506512752,93448482.2059361
22,E06000022,Bath and North East Somerset,PM10 annual mean Limit Value 2022,14,μg m⁻³,Compliant,Limit Value: 40 μg m⁻³,{5A7EF36D-40A1-4D7E-88FE-539914F60A04},141684.569708065,351123212.497847
23,E06000023,Bristol City of,PM10 annual mean Limit Value 2022,21,μg m⁻³,Compliant,Limit Value: 40 μg m⁻³,{F329F7B4-E371-482C-A490-7B89310E13C9},108825.701912383,109666791.49649
24,E06000024,North Somerset,PM10 annual mean Limit Value 2022,16,μg m⁻³,Compliant,Limit Value: 40 μg m⁻³,{7EF6CECD-242F-4B03-A795-A6792D14342D},154770.171247745,374637225.937623
25,E06000025,South Gloucestershire,PM10 annual mean Limit Value 2022,20,μg m⁻³,Compliant,Limit Value: 40 μg m⁻³,{9E4026FB-1082-44F8-BD52-922DAC35872F},142552.756769388,497050934.271039
26,E06000026,Plymouth,PM10 annual mean Limit Value 2022,17,μg m⁻³,Compliant,Limit Value: 40 μg m⁻³,{0325BBC6-F422-4D7F-B813-79432B54C7EB},92645.2859471133,79849713.8688557
27,E06000027,Torbay,PM10 annual mean Limit Value 2022,12,μg m⁻³,Compliant,Limit Value: 40 μg m⁻³,{33C76370-F509-4FAC-A115-FA9187DCFC5A},77910.7009953357,62886694.4637875
28,E06000030,Swindon,PM10 annual mean Limit Value 2022,18,μg m⁻³,Compliant,Limit Value: 40 μg m⁻³,{10E866C8-711D-4E13-8143-A1D74260D218},103014.619569825,230093376.535084
29,E06000031,Peterborough,PM10 annual mean Limit Value 2022,20,μg m⁻³,Compliant,Limit Value: 40 μg m⁻³,{15EB215E-ADBD-4EB9-B558-400C63D44F51},112677.967206289,343378156.971801
30,E06000032,Luton,PM10 annual mean Limit Value 2022,20,μg m⁻³,Compliant,Limit Value: 40 μg m⁻³,{4AAC8FB1-0C28-4EFD-8B19-A8657997DB9E},34569.6026266023,43352491.4351069
31,E06000033,Southend-on-Sea,PM10 annual mean Limit Value 2022,19,μg m⁻³,Compliant,Limit Value: 40 μg m⁻³,{B56F05AA-EF23-45C2-A333-9506FEC7ECA4},57783.2533781423,41673935.680161
32,E06000034,Thurrock,PM10 annual mean Limit Value 2022,21,μg m⁻³,Compliant,Limit Value: 40 μg m⁻³,{5A209843-38EF-47C4-ABB8-FE367AD5A6C6},115992.128205902,163837050.322348
33,E06000035,Medway,PM10 annual mean Limit Value 2022,18,μg m⁻³,Compliant,Limit Value: 40 μg m⁻³,{35D6367A-C9E5-491C-980C-EADCA22A9068},249514.824763326,193714249.225409
34,E06000036,Bracknell Forest,PM10 annual mean Limit Value 2022,18,μg m⁻³,Compliant,Limit Value: 40 μg m⁻³,{BA9CDAD5-5B06-4D15-BD2A-DCBD2E039057},62507.9039338433,109384214.697573
35,E06000037,West Berkshire,PM10 annual mean Limit Value 2022,19,μg m⁻³,Compliant,Limit Value: 40 μg m⁻³,{5D63F468-F035-4A92-9388-AE40D3BF6AB5},166801.583097447,704169399.468773
36,E06000038,Reading,PM10 annual mean Limit Value 2022,18,μg m⁻³,Compliant,Limit Value: 40 μg m⁻³,{E1A2DE71-68EB-4169-9242-CCB67D629504},39330.6369676029,40397992.5605403
37,E06000039,Slough,PM10 annual mean Limit Value 2022,20,μg m⁻³,Compliant,Limit Value: 40 μg m⁻³,{81DFD298-CC24-43AC-87EF-4771752D8909},44181.393234306,32542009.0509408
38,E06000040,Windsor and Maidenhead,PM10 annual mean Limit Value 2022,19,μg m⁻³,Compliant,Limit Value: 40 μg m⁻³,{7FC16AFE-CADF-4BF4-A576-24C8528122DA},114829.071707676,198427168.80584
39,E06000041,Wokingham,PM10 annual mean Limit Value 2022,18,μg m⁻³,Compliant,Limit Value: 40 μg m⁻³,{642D4887-55F8-46AC-83C7-05713E35DD89},86865.5899032162,178965482.695848
40,E06000042,Milton Keynes,PM10 annual mean Limit Value 2022,19,μg m⁻³,Compliant,Limit Value: 40 μg m⁻³,{F3C46BC4-2CD4-4FB9-AFA8-9D7E921C9D53},102960.289818815,308626791.318978
41,E06000043,Brighton and Hove,PM10 annual mean Limit Value 2022,13,μg m⁻³,Compliant,Limit Value: 40 μg m⁻³,{1531CD59-FE2C-4618-95C4-F520199CC3F6},59519.3844052792,82832959.1101613
42,E06000044,Portsmouth,PM10 annual mean Limit Value 2022,19,μg m⁻³,Compliant,Limit Value: 40 μg m⁻³,{22EE0EA0-BD17-45BC-87AD-35418288F278},62643.7894850187,40389409.3058379
43,E06000045,Southampton,PM10 annual mean Limit Value 2022,21,μg m⁻³,Compliant,Limit Value: 40 μg m⁻³,{AD03459F-E69E-4A3C-9C42-935B04768AB5},61543.9971629534,49880646.9902509
44,E06000046,Isle of Wight,PM10 annual mean Limit Value 2022,14,μg m⁻³,Compliant,Limit Value: 40 μg m⁻³,{A245CA0F-0685-4B99-A460-CD3592DB77C6},210138.376351726,379620110.598487
45,E06000047,County Durham,PM10 annual mean Limit Value 2022,18,μg m⁻³,Compliant,Limit Value: 40 μg m⁻³,{95DA6547-FEA0-47D1-BF43-330EE66ACE93},315062.780589158,2231457246.64249
46,E06000049,Cheshire East,PM10 annual mean Limit Value 2022,19,μg m⁻³,Compliant,Limit Value: 40 μg m⁻³,{7327E6E5-6CCD-4AE8-B20E-2260C116782A},301224.749702642,1166357380.99318
47,E06000050,Cheshire West and Chester,PM10 annual mean Limit Value 2022,17,μg m⁻³,Compliant,Limit Value: 40 μg m⁻³,{949361A0-0D5A-44FD-8141-4E1D9D2560BB},335614.811839089,920018000.248427
48,E06000051,Shropshire,PM10 annual mean Limit Value 2022,14,μg m⁻³,Compliant,Limit Value: 40 μg m⁻³,{C39D27AB-D54D-4A06-B5B6-9274478F4741},580649.357727211,3197275382.07507
49,E06000052,Cornwall,PM10 annual mean Limit Value 2022,15,μg m⁻³,Compliant,Limit Value: 40 μg m⁻³,{ACFC94AA-026B-4D78-97BA-EA42251FECC8},1241734.32056242,3548939236.52291
50,E06000053,Isles of Scilly,PM10 annual mean Limit Value 2022,7,μg m⁻³,Compliant,Limit Value: 40 μg m⁻³,{A6A72C75-A408-4822-AE15-FD21B43889B1},117979.339046542,16317753.9529278
51,E06000054,Wiltshire,PM10 annual mean Limit Value 2022,19,μg m⁻³,Compliant,Limit Value: 40 μg m⁻³,{DB3D6F70-9801-4B42-A6A0-9EA2A13BF090},402006.286759091,3255338119.79805
52,E06000055,Bedford,PM10 annual mean Limit Value 2022,18,μg m⁻³,Compliant,Limit Value: 40 μg m⁻³,{BFC6120A-7AE6-4580-9F83-FEFEFF17DC35},131721.083517931,476408301.257796
53,E06000056,Central Bedfordshire,PM10 annual mean Limit Value 2022,18,μg m⁻³,Compliant,Limit Value: 40 μg m⁻³,{CD2E98C3-29B7-40EF-B91E-B74E204950F1},232692.316778813,715665302.186695
54,E06000057,Northumberland,PM10 annual mean Limit Value 2022,14,μg m⁻³,Compliant,Limit Value: 40 μg m⁻³,{E887ED34-C522-478F-AC62-87CBAF4477DD},605421.99354023,5032268631.47677
55,E06000058,Bournemouth Christchurch and Poole,PM10 annual mean Limit Value 2022,18,μg m⁻³,Compliant,Limit Value: 40 μg m⁻³,{CD213E8D-3E5E-4D81-BFA5-09E0947D22E6},169171.629784859,162070068.522856
56,E06000059,Dorset,PM10 annual mean Limit Value 2022,15,μg m⁻³,Compliant,Limit Value: 40 μg m⁻³,{EB8850ED-09F9-4940-8D24-07122340EF65},594357.656718224,2490956587.09001
57,E06000060,Buckinghamshire,PM10 annual mean Limit Value 2022,19,μg m⁻³,Compliant,Limit Value: 40 μg m⁻³,{7262907D-3736-46A6-8648-E2FB7D930153},361852.640717493,1564949149.7613
58,E06000061,North Northamptonshire,PM10 annual mean Limit Value 2022,21,μg m⁻³,Compliant,Limit Value: 40 μg m⁻³,{98109611-C34C-4489-8C69-4C3F923ADEAE},210629.486173939,986594568.073101
59,E06000062,West Northamptonshire,PM10 annual mean Limit Value 2022,23,μg m⁻³,Compliant,Limit Value: 40 μg m⁻³,{A8745A83-8C5F-4F0B-9CCD-2B802105A439},263792.053952239,1380395592.61811
60,E07000008,Cambridge,PM10 annual mean Limit Value 2022,17,μg m⁻³,Compliant,Limit Value: 40 μg m⁻³,{1BAB943D-6212-4495-A389-0976B186F8F3},37170.3582136235,40698797.9441657
61,E07000009,East Cambridgeshire,PM10 annual mean Limit Value 2022,17,μg m⁻³,Compliant,Limit Value: 40 μg m⁻³,{4C3CAD4A-1B01-4BC8-8E44-3AF40E11C2A3},234187.596907802,651286027.254174
62,E07000010,Fenland,PM10 annual mean Limit Value 2022,16,μg m⁻³,Compliant,Limit Value: 40 μg m⁻³,{9788F0D4-06F3-414C-8ED5-31E9B6D847A3},187881.713009129,546450060.729652
63,E07000011,Huntingdonshire,PM10 annual mean Limit Value 2022,18,μg m⁻³,Compliant,Limit Value: 40 μg m⁻³,{72A9F7DB-63D3-4852-91DE-695B368A506E},223337.672178389,912455234.170696
64,E07000012,South Cambridgeshire,PM10 annual mean Limit Value 2022,17,μg m⁻³,Compliant,Limit Value: 40 μg m⁻³,{90EECC33-F23F-44A5-8934-42128E3A1292},257078.047542402,901624805.657526
65,E07000026,Allerdale,PM10 annual mean Limit Value 2022,10,μg m⁻³,Compliant,Limit Value: 40 μg m⁻³,{F594A03A-E356-4BE0-B120-DD30B344389B},326488.823591254,1258309834.54079
66,E07000027,Barrow-in-Furness,PM10 annual mean Limit Value 2022,13,μg m⁻³,Compliant,Limit Value: 40 μg m⁻³,{EC115927-FF18-42E0-8DAB-0A96F027CCD8},146480.666517636,77896997.2619871
67,E07000028,Carlisle,PM10 annual mean Limit Value 2022,14,μg m⁻³,Compliant,Limit Value: 40 μg m⁻³,{483A10CD-A360-4D0C-8C42-52E7C2721E0B},278392.319321428,1038297606.56881
68,E07000029,Copeland,PM10 annual mean Limit Value 2022,13,μg m⁻³,Compliant,Limit Value: 40 μg m⁻³,{288ABC31-B1D4-4611-A863-4E47769356BC},252311.325634389,737632448.411936
69,E07000030,Eden,PM10 annual mean Limit Value 2022,12,μg m⁻³,Compliant,Limit Value: 40 μg m⁻³,{BC7FE1C0-DCDC-4316-BF9A-5E11D94E2F82},268743.656802274,2156471321.41426
70,E07000031,South Lakeland,PM10 annual mean Limit Value 2022,13,μg m⁻³,Compliant,Limit Value: 40 μg m⁻³,{B48705A8-C9C9-49CA-A292-C8F15E9F0ED5},381795.002097409,1554926441.63737
71,E07000032,Amber Valley,PM10 annual mean Limit Value 2022,16,μg m⁻³,Compliant,Limit Value: 40 μg m⁻³,{0663607D-3F8E-4D50-A88B-8FC0AC8C78BC},109036.161822695,265437866.790982
72,E07000033,Bolsover,PM10 annual mean Limit Value 2022,20,μg m⁻³,Compliant,Limit Value: 40 μg m⁻³,{B83ECA58-3C82-44EB-AA4F-407E0895E47F},96239.0059795533,160334646.960747
73,E07000034,Chesterfield,PM10 annual mean Limit Value 2022,16,μg m⁻³,Compliant,Limit Value: 40 μg m⁻³,{D6F9C149-1C84-4098-8195-0343133CC69F},52617.6461927633,66035293.266063
74,E07000035,Derbyshire Dales,PM10 annual mean Limit Value 2022,14,μg m⁻³,Compliant,Limit Value: 40 μg m⁻³,{2648C58E-3807-4353-88B6-67E194D23A2A},245475.146246716,795318060.803147
75,E07000036,Erewash,PM10 annual mean Limit Value 2022,21,μg m⁻³,Compliant,Limit Value: 40 μg m⁻³,{723182CE-5E30-4C2D-90B6-C1D7EE4EB83E},73547.4074227636,109630045.589392
76,E07000037,High Peak,PM10 annual mean Limit Value 2022,15,μg m⁻³,Compliant,Limit Value: 40 μg m⁻³,{E33BDA64-B61F-490B-A378-F0CD3EC1E577},159632.653793227,540254002.914557
77,E07000038,North East Derbyshire,PM10 annual mean Limit Value 2022,17,μg m⁻³,Compliant,Limit Value: 40 μg m⁻³,{9FFAC81D-17D7-4285-A779-E84055422041},161243.418635161,275623525.416451
78,E07000039,South Derbyshire,PM10 annual mean Limit Value 2022,17,μg m⁻³,Compliant,Limit Value: 40 μg m⁻³,{850AAEAE-02A8-4A7C-948F-F7CE79105774},166692.971482608,338126971.197302
79,E07000040,East Devon,PM10 annual mean Limit Value 2022,14,μg m⁻³,Compliant,Limit Value: 40 μg m⁻³,{ED9ABA3F-7471-49BA-8FC9-A864105F61F8},219476.408977674,814245109.40111
80,E07000041,Exeter,PM10 annual mean Limit Value 2022,12,μg m⁻³,Compliant,Limit Value: 40 μg m⁻³,{EB8BDBE9-564D-4F62-A791-03A43AD11B76},50238.1722506893,47033024.8364483
81,E07000042,Mid Devon,PM10 annual mean Limit Value 2022,12,μg m⁻³,Compliant,Limit Value: 40 μg m⁻³,{9C0E7FA8-AA56-4506-95DA-8179D11357C7},246269.426737415,912900111.710061
82,E07000043,North Devon,PM10 annual mean Limit Value 2022,12,μg m⁻³,Compliant,Limit Value: 40 μg m⁻³,{0FE97C60-55E5-4BF5-98A0-4756BCD3857E},321532.693545987,1085882521.46524
83,E07000044,South Hams,PM10 annual mean Limit Value 2022,11,μg m⁻³,Compliant,Limit Value: 40 μg m⁻³,{7C808B50-08F2-4093-B6E1-A59A9877272D},478794.084791172,886546850.814702
84,E07000045,Teignbridge,PM10 annual mean Limit Value 2022,10,μg m⁻³,Compliant,Limit Value: 40 μg m⁻³,{C7E325CB-19D7-4A20-B961-B72F8464602B},191473.556039649,673759657.173808
85,E07000046,Torridge,PM10 annual mean Limit Value 2022,12,μg m⁻³,Compliant,Limit Value: 40 μg m⁻³,{549515C5-1F94-4ECB-B9CE-E06142590606},316930.37083844,985258200.613012
86,E07000047,West Devon,PM10 annual mean Limit Value 2022,8,μg m⁻³,Compliant,Limit Value: 40 μg m⁻³,{F39CA780-C375-4EB7-99A4-8022C40ED5E2},254096.666464397,1161110805.24187
87,E07000061,Eastbourne,PM10 annual mean Limit Value 2022,15,μg m⁻³,Compliant,Limit Value: 40 μg m⁻³,{0DD0F41C-C277-4793-8A34-523BE4FF8511},38032.2757954579,44161432.4139329
88,E07000062,Hastings,PM10 annual mean Limit Value 2022,13,μg m⁻³,Compliant,Limit Value: 40 μg m⁻³,{67E81C18-9E3C-4B2B-A75D-35E85F48096C},34102.0632489635,29796092.2546969
89,E07000063,Lewes,PM10 annual mean Limit Value 2022,12,μg m⁻³,Compliant,Limit Value: 40 μg m⁻³,{8E3C912E-68F5-4E26-8EA5-848F46FDD1B7},168359.743837341,292106799.086844
90,E07000064,Rother,PM10 annual mean Limit Value 2022,12,μg m⁻³,Compliant,Limit Value: 40 μg m⁻³,{100AE151-3BE7-4D8B-BF63-D0CB822AD2F3},180531.859680317,511753822.422895
91,E07000065,Wealden,PM10 annual mean Limit Value 2022,12,μg m⁻³,Compliant,Limit Value: 40 μg m⁻³,{501A1184-FC89-473D-B00E-8A7F6EF04F3E},225877.835372193,834948412.072706
92,E07000066,Basildon,PM10 annual mean Limit Value 2022,22,μg m⁻³,Compliant,Limit Value: 40 μg m⁻³,{E8B96A2D-8BA4-436F-BCD8-446E93A2937B},85630.4758439724,110001022.963737
93,E07000067,Braintree,PM10 annual mean Limit Value 2022,17,μg m⁻³,Compliant,Limit Value: 40 μg m⁻³,{B090B2B2-BEB9-41FB-A1D9-C1714BFA096D},168686.280036762,611707972.276374
94,E07000068,Brentwood,PM10 annual mean Limit Value 2022,18,μg m⁻³,Compliant,Limit Value: 40 μg m⁻³,{6120DA4D-1D56-45E3-9A62-DDE658221CDA},72339.3648640893,153124049.543668
95,E07000069,Castle Point,PM10 annual mean Limit Value 2022,17,μg m⁻³,Compliant,Limit Value: 40 μg m⁻³,{E3CC15FB-D0D0-4EAF-89FF-2A96754F9FF5},163436.866816314,44673516.7386591
96,E07000070,Chelmsford,PM10 annual mean Limit Value 2022,19,μg m⁻³,Compliant,Limit Value: 40 μg m⁻³,{8E1EE331-F423-4BEE-8FBF-14C399FDE638},126395.308774143,342227523.106391
97,E07000071,Colchester,PM10 annual mean Limit Value 2022,20,μg m⁻³,Compliant,Limit Value: 40 μg m⁻³,{2379BB4E-624F-4065-8CB2-E371650DED24},318167.654850108,332325215.816936
98,E07000072,Epping Forest,PM10 annual mean Limit Value 2022,18,μg m⁻³,Compliant,Limit Value: 40 μg m⁻³,{53FD43E6-F392-41B7-975E-6C0FDC996D09},123273.057417461,338984123.59918
99,E07000073,Harlow,PM10 annual mean Limit Value 2022,18,μg m⁻³,Compliant,Limit Value: 40 μg m⁻³,{291D2968-9796-4161-9C68-3FB9D44B3086},28515.3507176647,30537917.1763767
100,E07000074,Maldon,PM10 annual mean Limit Value 2022,16,μg m⁻³,Compliant,Limit Value: 40 μg m⁻³,{ABFEA721-B55E-43E5-BABD-2402772D1583},469757.101657334,357815639.578039
101,E07000075,Rochford,PM10 annual mean Limit Value 2022,20,μg m⁻³,Compliant,Limit Value: 40 μg m⁻³,{1699FF72-B4B4-43F9-B0EA-B24262336423},234542.603502572,167092822.610966
102,E07000076,Tendring,PM10 annual mean Limit Value 2022,16,μg m⁻³,Compliant,Limit Value: 40 μg m⁻³,{A7676BCC-BFCE-4E19-A23F-7008E599BD39},442534.78363567,336324345.713986
103,E07000077,Uttlesford,PM10 annual mean Limit Value 2022,18,μg m⁻³,Compliant,Limit Value: 40 μg m⁻³,{FAF5E738-21FE-46E3-AA3C-8EA413BE8951},166507.733417473,641182922.293065
104,E07000078,Cheltenham,PM10 annual mean Limit Value 2022,18,μg m⁻³,Compliant,Limit Value: 40 μg m⁻³,{AACD6293-495A-43FD-8433-EDF5D292217E},38230.9516326001,46596069.5642473
105,E07000079,Cotswold,PM10 annual mean Limit Value 2022,15,μg m⁻³,Compliant,Limit Value: 40 μg m⁻³,{E6D7E4B7-CEF5-4254-9C6D-CE7FE0229170},332444.390575857,1164524408.27787
106,E07000080,Forest of Dean,PM10 annual mean Limit Value 2022,13,μg m⁻³,Compliant,Limit Value: 40 μg m⁻³,{9BCF1619-3B5D-4139-8697-568EF87CD743},190129.084251616,525902190.819172
107,E07000081,Gloucester,PM10 annual mean Limit Value 2022,16,μg m⁻³,Compliant,Limit Value: 40 μg m⁻³,{15D2D3D2-AD90-46F3-89DA-2A38DE2B31F6},33539.6389322303,40553089.0741592
108,E07000082,Stroud,PM10 annual mean Limit Value 2022,15,μg m⁻³,Compliant,Limit Value: 40 μg m⁻³,{FF0E3C47-AADA-4F43-AA0C-194FA43E163F},172781.842223822,460541978.065583
109,E07000083,Tewkesbury,PM10 annual mean Limit Value 2022,18,μg m⁻³,Compliant,Limit Value: 40 μg m⁻³,{888EC14E-9D35-4D12-A8F1-57100130F3CD},204835.336996448,414414320.159181
110,E07000084,Basingstoke and Deane,PM10 annual mean Limit Value 2022,19,μg m⁻³,Compliant,Limit Value: 40 μg m⁻³,{E79E97C8-1FFB-400E-BE23-B8851F20DAAB},143437.080139487,633817174.904547
111,E07000085,East Hampshire,PM10 annual mean Limit Value 2022,14,μg m⁻³,Compliant,Limit Value: 40 μg m⁻³,{B3BF3A82-F1D8-458F-9DBC-0B315378A2B1},144540.456381259,514432073.296432
112,E07000086,Eastleigh,PM10 annual mean Limit Value 2022,18,μg m⁻³,Compliant,Limit Value: 40 μg m⁻³,{6AA79958-C28A-40FD-A198-4484FB402681},75889.818369816,79678661.7594297
113,E07000087,Fareham,PM10 annual mean Limit Value 2022,18,μg m⁻³,Compliant,Limit Value: 40 μg m⁻³,{CFA94ED6-CA95-4C6D-BB17-7B42967C1252},66342.5864839331,74256780.9033808
114,E07000088,Gosport,PM10 annual mean Limit Value 2022,15,μg m⁻³,Compliant,Limit Value: 40 μg m⁻³,{141A3C3F-C116-4D9B-A7DF-2E044714AC17},40198.8783633605,25373864.3668317
115,E07000089,Hart,PM10 annual mean Limit Value 2022,15,μg m⁻³,Compliant,Limit Value: 40 μg m⁻³,{64931D06-6868-43FB-BE65-2A6599E497FC},77847.6509709791,215265080.7362
116,E07000090,Havant,PM10 annual mean Limit Value 2022,19,μg m⁻³,Compliant,Limit Value: 40 μg m⁻³,{5E97A79A-CA50-4DE6-AF38-ED23AFDD29ED},115625.951907801,55739559.5549124
117,E07000091,New Forest,PM10 annual mean Limit Value 2022,19,μg m⁻³,Compliant,Limit Value: 40 μg m⁻³,{9DF289BC-B3F6-4C9F-B650-5DADEA6BE6F4},332043.002895272,752175262.570157
118,E07000092,Rushmoor,PM10 annual mean Limit Value 2022,20,μg m⁻³,Compliant,Limit Value: 40 μg m⁻³,{E34622D8-E5B7-466F-8395-C2FFEB1F8B38},31892.9860931807,39045039.9990621
119,E07000093,Test Valley,PM10 annual mean Limit Value 2022,18,μg m⁻³,Compliant,Limit Value: 40 μg m⁻³,{AB2A908A-965B-4BBE-9E50-EA1CE1C27406},190816.01168514,627595194.089379
120,E07000094,Winchester,PM10 annual mean Limit Value 2022,16,μg m⁻³,Compliant,Limit Value: 40 μg m⁻³,{D153A255-1112-4A48-BD33-1229DC8297F7},172157.928469101,660970091.230922
121,E07000095,Broxbourne,PM10 annual mean Limit Value 2022,20,μg m⁻³,Compliant,Limit Value: 40 μg m⁻³,{7A4BC96B-6321-43E3-8718-E98706E5551B},39068.7347762828,51442302.8941146
122,E07000096,Dacorum,PM10 annual mean Limit Value 2022,18,μg m⁻³,Compliant,Limit Value: 40 μg m⁻³,{3E42ED7F-0FE2-459D-BAEE-4AD5AD68EC58},110103.603607566,212476395.569261
123,E07000098,Hertsmere,PM10 annual mean Limit Value 2022,19,μg m⁻³,Compliant,Limit Value: 40 μg m⁻³,{5A21AAB9-5993-466C-A36D-6D56D6EF7F03},61228.1015167854,101128162.404543
124,E07000099,North Hertfordshire,PM10 annual mean Limit Value 2022,19,μg m⁻³,Compliant,Limit Value: 40 μg m⁻³,{FAEB1361-1F71-4599-A746-4EBB66D8CC58},168316.641493228,375382315.757171
125,E07000102,Three Rivers,PM10 annual mean Limit Value 2022,18,μg m⁻³,Compliant,Limit Value: 40 μg m⁻³,{109E9160-8D62-452E-AEFC-CFA3B1232A50},74112.5121827276,88824172.4605269
126,E07000103,Watford,PM10 annual mean Limit Value 2022,20,μg m⁻³,Compliant,Limit Value: 40 μg m⁻³,{EF7C859D-6D16-40D4-A974-09CE4956280A},26392.3637917563,21430351.4040458
127,E07000105,Ashford,PM10 annual mean Limit Value 2022,17,μg m⁻³,Compliant,Limit Value: 40 μg m⁻³,{95E3CB34-29D5-4B17-A8AB-E8831A43CFE6},149446.336252667,580617311.42168
128,E07000106,Canterbury,PM10 annual mean Limit Value 2022,15,μg m⁻³,Compliant,Limit Value: 40 μg m⁻³,{74E4EF1E-4A15-4397-BB3D-697AA6848B93},134481.533238153,308752563.330442
129,E07000107,Dartford,PM10 annual mean Limit Value 2022,20,μg m⁻³,Compliant,Limit Value: 40 μg m⁻³,{F7CF7378-A59A-477D-B5D1-C748F2F9EDE0},57309.3850914061,72725578.227883
130,E07000108,Dover,PM10 annual mean Limit Value 2022,14,μg m⁻³,Compliant,Limit Value: 40 μg m⁻³,{EC72B5FC-F0A0-42CA-A161-6C195242A706},148160.693909828,315337969.558861
131,E07000109,Gravesham,PM10 annual mean Limit Value 2022,17,μg m⁻³,Compliant,Limit Value: 40 μg m⁻³,{E6D3FE9A-5F41-4D26-8CA5-48B402EB520F},60516.7211625426,98991344.3909097
132,E07000110,Maidstone,PM10 annual mean Limit Value 2022,18,μg m⁻³,Compliant,Limit Value: 40 μg m⁻³,{1D4CC3A8-E1CE-49BA-BEAC-ADAFE3310D70},122980.443774681,393329513.555515
133,E07000111,Sevenoaks,PM10 annual mean Limit Value 2022,17,μg m⁻³,Compliant,Limit Value: 40 μg m⁻³,{5479FC59-1887-47F5-8D88-F63DC34DE707},134435.330146171,370346869.562799
134,E07000112,Folkestone and Hythe,PM10 annual mean Limit Value 2022,14,μg m⁻³,Compliant,Limit Value: 40 μg m⁻³,{6F04925E-B5ED-4B5B-8E52-6D7FBAAB47CB},148969.398554026,356921036.861493
135,E07000113,Swale,PM10 annual mean Limit Value 2022,16,μg m⁻³,Compliant,Limit Value: 40 μg m⁻³,{750EC10E-A94A-4047-BB8D-699EDD69774D},347823.073920434,373436666.268999
136,E07000114,Thanet,PM10 annual mean Limit Value 2022,16,μg m⁻³,Compliant,Limit Value: 40 μg m⁻³,{9DDEF0BF-9168-4678-A508-81B89DA157D9},65351.0799155182,103609163.12645
137,E07000115,Tonbridge and Malling,PM10 annual mean Limit Value 2022,19,μg m⁻³,Compliant,Limit Value: 40 μg m⁻³,{0D915379-9744-404C-AD67-D68C97ACC80D},133211.273866146,240114269.485383
138,E07000116,Tunbridge Wells,PM10 annual mean Limit Value 2022,14,μg m⁻³,Compliant,Limit Value: 40 μg m⁻³,{33816C99-4D9B-435F-9DA3-54B889DD522C},150590.348271021,331328858.204448
139,E07000117,Burnley,PM10 annual mean Limit Value 2022,16,μg m⁻³,Compliant,Limit Value: 40 μg m⁻³,{674285F9-30A4-4523-A0A4-A0F0BDB0F2F5},57764.4790119147,110683998.009225
140,E07000118,Chorley,PM10 annual mean Limit Value 2022,19,μg m⁻³,Compliant,Limit Value: 40 μg m⁻³,{98141AF0-0D19-4A86-AF4B-D7657028CFDB},114515.887165166,202762136.977989
141,E07000119,Fylde,PM10 annual mean Limit Value 2022,16,μg m⁻³,Compliant,Limit Value: 40 μg m⁻³,{F18A3D52-620A-4628-B224-0CAE15A3C088},138118.3976187,165696809.242251
142,E07000120,Hyndburn,PM10 annual mean Limit Value 2022,15,μg m⁻³,Compliant,Limit Value: 40 μg m⁻³,{ACA49B68-8F12-4A75-B6FA-0E3BDB91F19E},42726.6455330732,73006538.3962829
143,E07000121,Lancaster,PM10 annual mean Limit Value 2022,14,μg m⁻³,Compliant,Limit Value: 40 μg m⁻³,{B37486D3-8DD6-4148-8AFF-15B08E6659E3},345319.329046164,566931386.989956
144,E07000122,Pendle,PM10 annual mean Limit Value 2022,13,μg m⁻³,Compliant,Limit Value: 40 μg m⁻³,{4282E838-05E0-4AF0-9E0E-106AEA43E56A},79243.6273907024,169380095.936739
145,E07000123,Preston,PM10 annual mean Limit Value 2022,15,μg m⁻³,Compliant,Limit Value: 40 μg m⁻³,{A5E0C1E7-06E1-4E46-92C4-30EB346C8738},82804.9151529498,142284181.587194
146,E07000124,Ribble Valley,PM10 annual mean Limit Value 2022,13,μg m⁻³,Compliant,Limit Value: 40 μg m⁻³,{9A62ECC3-D261-441C-8050-6BF2732C3F7C},150571.019012166,584462427.345191
147,E07000125,Rossendale,PM10 annual mean Limit Value 2022,17,μg m⁻³,Compliant,Limit Value: 40 μg m⁻³,{ACB70D3D-9D1D-48AC-87BB-9F6245E70CE6},71149.6678904946,138040902.834675
148,E07000126,South Ribble,PM10 annual mean Limit Value 2022,16,μg m⁻³,Compliant,Limit Value: 40 μg m⁻³,{80D8133C-AE06-4630-AF91-83E7011E355D},105351.716728634,113141866.937349
149,E07000127,West Lancashire,PM10 annual mean Limit Value 2022,16,μg m⁻³,Compliant,Limit Value: 40 μg m⁻³,{991613D7-B0CE-4605-A674-FD8FC2742C0D},227324.589989578,346632973.113901
150,E07000128,Wyre,PM10 annual mean Limit Value 2022,15,μg m⁻³,Compliant,Limit Value: 40 μg m⁻³,{EE9F7346-58D7-470B-81EB-7B3A79C4BAA4},212730.721154546,282164810.76028
151,E07000129,Blaby,PM10 annual mean Limit Value 2022,20,μg m⁻³,Compliant,Limit Value: 40 μg m⁻³,{5213CECA-C969-4AE9-ACA9-AF1C37EA9719},100819.772020311,130468677.480574
152,E07000130,Charnwood,PM10 annual mean Limit Value 2022,19,μg m⁻³,Compliant,Limit Value: 40 μg m⁻³,{C5EEB3D4-4703-4050-A482-CCA279D00144},115474.270424313,279042273.104686
153,E07000131,Harborough,PM10 annual mean Limit Value 2022,17,μg m⁻³,Compliant,Limit Value: 40 μg m⁻³,{9E820A8A-773A-4DF9-AF94-925586A219AF},185950.639810548,592692043.934874
154,E07000132,Hinckley and Bosworth,PM10 annual mean Limit Value 2022,18,μg m⁻³,Compliant,Limit Value: 40 μg m⁻³,{CE6380D4-93B3-441D-82D4-2AE0F308E71F},111545.991773985,297351487.709417
155,E07000133,Melton,PM10 annual mean Limit Value 2022,17,μg m⁻³,Compliant,Limit Value: 40 μg m⁻³,{FED4236A-D041-43D7-9D2F-0D7C3A6ABC78},140629.285236828,481380509.624025
156,E07000134,North West Leicestershire,PM10 annual mean Limit Value 2022,18,μg m⁻³,Compliant,Limit Value: 40 μg m⁻³,{C5D6398B-3376-43D3-B4C4-226EF0F22ADA},116453.02578521,279328076.04254
157,E07000135,Oadby and Wigston,PM10 annual mean Limit Value 2022,17,μg m⁻³,Compliant,Limit Value: 40 μg m⁻³,{B89CC00C-6A8F-4414-9E33-8A090DCE5066},31171.7329461944,23526096.5259904
158,E07000136,Boston,PM10 annual mean Limit Value 2022,18,μg m⁻³,Compliant,Limit Value: 40 μg m⁻³,{DB3CF578-C030-46ED-98C0-52D5BC633785},440527.091352859,364008573.37703
159,E07000137,East Lindsey,PM10 annual mean Limit Value 2022,16,μg m⁻³,Compliant,Limit Value: 40 μg m⁻³,{134034BE-880C-4D85-AFD2-96226FD5F26D},373175.487592907,1766773259.03549
160,E07000138,Lincoln,PM10 annual mean Limit Value 2022,15,μg m⁻³,Compliant,Limit Value: 40 μg m⁻³,{407F6265-7E26-40F3-A62A-AFB0C964FD94},32969.7629878016,35690274.4634582
161,E07000139,North Kesteven,PM10 annual mean Limit Value 2022,17,μg m⁻³,Compliant,Limit Value: 40 μg m⁻³,{853DC102-AFA9-4323-9924-AC579926E2F4},181807.630394147,922471383.408119
162,E07000140,South Holland,PM10 annual mean Limit Value 2022,16,μg m⁻³,Compliant,Limit Value: 40 μg m⁻³,{99833F66-A794-4EB5-BB42-9DF3B00D8082},438385.626571409,750076114.076317
163,E07000141,South Kesteven,PM10 annual mean Limit Value 2022,20,μg m⁻³,Compliant,Limit Value: 40 μg m⁻³,{10041D51-65C4-46B8-B471-4AA9C230C40B},209816.236294167,942585798.373378
164,E07000142,West Lindsey,PM10 annual mean Limit Value 2022,14,μg m⁻³,Compliant,Limit Value: 40 μg m⁻³,{860E029E-17BB-4FE3-BD69-5114ED76B238},249630.480178224,1155731961.18366
165,E07000143,Breckland,PM10 annual mean Limit Value 2022,16,μg m⁻³,Compliant,Limit Value: 40 μg m⁻³,{3AEE2782-9166-45EB-9A52-C94B4038F8D7},239527.484425479,1305116638.26244
166,E07000144,Broadland,PM10 annual mean Limit Value 2022,15,μg m⁻³,Compliant,Limit Value: 40 μg m⁻³,{B23C2EDC-F962-40CA-9F2E-FE7F31E6037E},219128.148673154,552060635.569045
167,E07000145,Great Yarmouth,PM10 annual mean Limit Value 2022,17,μg m⁻³,Compliant,Limit Value: 40 μg m⁻³,{94A9FE04-8687-4DCA-A742-B2C188C4977B},145908.017098499,174314101.655188
168,E07000146,King's Lynn and West Norfolk,PM10 annual mean Limit Value 2022,16,μg m⁻³,Compliant,Limit Value: 40 μg m⁻³,{9A1E18EA-6EFE-4409-86D1-8AF510D30EC4},695922.611445033,1439522738.02397
169,E07000147,North Norfolk,PM10 annual mean Limit Value 2022,15,μg m⁻³,Compliant,Limit Value: 40 μg m⁻³,{29F8845C-827F-4991-A85C-58CE71EBE0E4},600214.692025606,967553195.426942
170,E07000148,Norwich,PM10 annual mean Limit Value 2022,17,μg m⁻³,Compliant,Limit Value: 40 μg m⁻³,{8D50A578-AF4F-4C69-89C4-DC838CF8C1F1},52686.5007648366,39021966.2859923
171,E07000149,South Norfolk,PM10 annual mean Limit Value 2022,16,μg m⁻³,Compliant,Limit Value: 40 μg m⁻³,{C4FDA308-4AF8-4A5A-9FEE-4953A35E3518},266872.270403055,907576581.38748
172,E07000163,Craven,PM10 annual mean Limit Value 2022,12,μg m⁻³,Compliant,Limit Value: 40 μg m⁻³,{F804309D-B070-4A67-AC35-BAA059F92FBC},199883.569852491,1178807442.7374
173,E07000164,Hambleton,PM10 annual mean Limit Value 2022,15,μg m⁻³,Compliant,Limit Value: 40 μg m⁻³,{2CC4689E-4A69-4F61-B28B-F4F2C815F24A},298549.71615003,1311242676.26769
174,E07000165,Harrogate,PM10 annual mean Limit Value 2022,15,μg m⁻³,Compliant,Limit Value: 40 μg m⁻³,{C9A6F0E9-521E-402B-88E3-6FB1DF0976D8},246983.783503522,1309117894.68926
175,E07000166,Richmondshire,PM10 annual mean Limit Value 2022,13,μg m⁻³,Compliant,Limit Value: 40 μg m⁻³,{F6988271-5713-4CED-ABA8-9A1754F8A0F1},221695.052013126,1318702675.02494
176,E07000167,Ryedale,PM10 annual mean Limit Value 2022,14,μg m⁻³,Compliant,Limit Value: 40 μg m⁻³,{5F9E6AAD-D297-46BE-AFC1-6DA97B7AEAF9},249873.201632971,1506594092.81982
177,E07000168,Scarborough,PM10 annual mean Limit Value 2022,14,μg m⁻³,Compliant,Limit Value: 40 μg m⁻³,{1E7E83CF-35D9-4E61-93E7-82D4942172B2},241939.621096428,816188424.699189
178,E07000169,Selby,PM10 annual mean Limit Value 2022,17,μg m⁻³,Compliant,Limit Value: 40 μg m⁻³,{3D15F278-EC3D-491A-8FBF-60BBC6C41C51},264847.131710104,599315524.903365
179,E07000170,Ashfield,PM10 annual mean Limit Value 2022,20,μg m⁻³,Compliant,Limit Value: 40 μg m⁻³,{AF617532-3C50-4EC1-9708-7D404FFAD26F},69174.7010836953,109557941.223154
180,E07000171,Bassetlaw,PM10 annual mean Limit Value 2022,16,μg m⁻³,Compliant,Limit Value: 40 μg m⁻³,{FFD8A211-D0AA-407C-A8D3-04B9A928ED03},159734.427115588,637803646.751062
181,E07000172,Broxtowe,PM10 annual mean Limit Value 2022,19,μg m⁻³,Compliant,Limit Value: 40 μg m⁻³,{A3DBBC86-C53C-425B-9BDD-0671F63991A2},65999.6165048594,80098842.6460647
182,E07000173,Gedling,PM10 annual mean Limit Value 2022,17,μg m⁻³,Compliant,Limit Value: 40 μg m⁻³,{7DBAE94E-23FF-4F50-AAB4-84E8530AA6F6},69754.3805457455,119981506.141321
183,E07000174,Mansfield,PM10 annual mean Limit Value 2022,17,μg m⁻³,Compliant,Limit Value: 40 μg m⁻³,{BE288A07-FB8E-4AB7-90FC-2BDC3AFA7386},51090.8148505842,76696899.02723
184,E07000175,Newark and Sherwood,PM10 annual mean Limit Value 2022,17,μg m⁻³,Compliant,Limit Value: 40 μg m⁻³,{0B932972-EC2E-4F94-940E-3FBEE6DAAEF6},187422.294092544,651340472.184242
185,E07000176,Rushcliffe,PM10 annual mean Limit Value 2022,19,μg m⁻³,Compliant,Limit Value: 40 μg m⁻³,{F103645D-21B3-47DE-812D-55049BE8EA1D},123324.204812503,409231535.976331
186,E07000177,Cherwell,PM10 annual mean Limit Value 2022,21,μg m⁻³,Compliant,Limit Value: 40 μg m⁻³,{A6AE871D-562F-44DA-9F29-63B0EB714783},225626.040390187,588741166.442355
187,E07000178,Oxford,PM10 annual mean Limit Value 2022,19,μg m⁻³,Compliant,Limit Value: 40 μg m⁻³,{CB05AD24-9F32-4360-BC19-3DA214D52E4A},34999.534855006,45602916.3578427
188,E07000179,South Oxfordshire,PM10 annual mean Limit Value 2022,16,μg m⁻³,Compliant,Limit Value: 40 μg m⁻³,{C3526AD9-EA15-431A-852A-9C3231271FC1},205399.796379623,678521424.508484
189,E07000180,Vale of White Horse,PM10 annual mean Limit Value 2022,22,μg m⁻³,Compliant,Limit Value: 40 μg m⁻³,{228A48B4-9A87-438D-A2F0-E91A395D0D9A},175976.842181864,578660266.642897
190,E07000181,West Oxfordshire,PM10 annual mean Limit Value 2022,16,μg m⁻³,Compliant,Limit Value: 40 μg m⁻³,{833D0EB1-1149-4E08-A1D9-BA1A8395746B},160247.497018012,714422027.37788
191,E07000187,Mendip,PM10 annual mean Limit Value 2022,13,μg m⁻³,Compliant,Limit Value: 40 μg m⁻³,{614EF808-729F-457B-9C46-BB69453EC647},198849.803772949,739435425.721285
192,E07000188,Sedgemoor,PM10 annual mean Limit Value 2022,15,μg m⁻³,Compliant,Limit Value: 40 μg m⁻³,{988CE584-B1A3-496D-B2A2-96FAB7BD3FEB},258006.977750276,564223845.124049
193,E07000189,South Somerset,PM10 annual mean Limit Value 2022,14,μg m⁻³,Compliant,Limit Value: 40 μg m⁻³,{6A34825C-E7A9-4BF8-A377-DB407640B582},241316.735903671,959040235.642624
194,E07000192,Cannock Chase,PM10 annual mean Limit Value 2022,17,μg m⁻³,Compliant,Limit Value: 40 μg m⁻³,{D08F0D7D-41AB-4D34-880B-29FBE13F5E13},50127.5676827052,78882571.1932385
195,E07000193,East Staffordshire,PM10 annual mean Limit Value 2022,17,μg m⁻³,Compliant,Limit Value: 40 μg m⁻³,{BBEA5065-4884-4D02-BBF0-295B53483B19},183696.080171671,389987162.339023
196,E07000194,Lichfield,PM10 annual mean Limit Value 2022,18,μg m⁻³,Compliant,Limit Value: 40 μg m⁻³,{0AAB47D2-E808-4CE7-9C4B-B493460FBBA4},127468.123665332,331294331.289989
197,E07000195,Newcastle-under-Lyme,PM10 annual mean Limit Value 2022,19,μg m⁻³,Compliant,Limit Value: 40 μg m⁻³,{5072A903-D558-400C-8A16-A34FB7E83573},108258.877906414,210957320.579339
198,E07000196,South Staffordshire,PM10 annual mean Limit Value 2022,16,μg m⁻³,Compliant,Limit Value: 40 μg m⁻³,{2433BA5D-8976-43DA-91FF-20C7E8BF5499},184894.034988598,407322253.062806
199,E07000197,Stafford,PM10 annual mean Limit Value 2022,19,μg m⁻³,Compliant,Limit Value: 40 μg m⁻³,{B8E5B92D-1DBE-4F85-8A1C-4F44B3019F32},159078.504004003,598172232.707002
200,E07000198,Staffordshire Moorlands,PM10 annual mean Limit Value 2022,17,μg m⁻³,Compliant,Limit Value: 40 μg m⁻³,{0A6A9E32-794D-4295-8ACF-1690402B90C3},152448.005729777,575849820.398544
201,E07000199,Tamworth,PM10 annual mean Limit Value 2022,19,μg m⁻³,Compliant,Limit Value: 40 μg m⁻³,{A5496804-B418-4D1E-BC5A-1E7118C799A6},30729.9145727779,30850718.7653138
202,E07000200,Babergh,PM10 annual mean Limit Value 2022,18,μg m⁻³,Compliant,Limit Value: 40 μg m⁻³,{1477F1E5-C955-4AC8-B42B-530DA777561D},210447.779062672,595116562.536499
203,E07000202,Ipswich,PM10 annual mean Limit Value 2022,17,μg m⁻³,Compliant,Limit Value: 40 μg m⁻³,{E9B4FFDA-7121-4B83-85C7-FD0CAB54C38A},45342.2917616399,39509795.4510085
204,E07000203,Mid Suffolk,PM10 annual mean Limit Value 2022,18,μg m⁻³,Compliant,Limit Value: 40 μg m⁻³,{BBF616AA-B1D9-4E9D-95E5-BC5EFD46580D},191154.578858461,871070646.004869
205,E07000207,Elmbridge,PM10 annual mean Limit Value 2022,17,μg m⁻³,Compliant,Limit Value: 40 μg m⁻³,{DA13774C-7B4F-4302-823A-F63FC00F2072},52205.9992807471,96334274.6959685
206,E07000208,Epsom and Ewell,PM10 annual mean Limit Value 2022,18,μg m⁻³,Compliant,Limit Value: 40 μg m⁻³,{12735524-89C5-4B5F-9B4A-BAA3564D67FB},28503.6676331565,34079152.842615
207,E07000209,Guildford,PM10 annual mean Limit Value 2022,21,μg m⁻³,Compliant,Limit Value: 40 μg m⁻³,{9880F9CB-0D65-4D32-AB1E-BADE94E66A70},128414.098855642,270931187.387406
208,E07000210,Mole Valley,PM10 annual mean Limit Value 2022,18,μg m⁻³,Compliant,Limit Value: 40 μg m⁻³,{CD6E0FD0-A2BC-42A6-A28D-EBDABCB32FAE},105402.687786554,258320952.517086
209,E07000211,Reigate and Banstead,PM10 annual mean Limit Value 2022,17,μg m⁻³,Compliant,Limit Value: 40 μg m⁻³,{96B6F1E4-DB5B-43B6-94A0-1C58FA27BF95},79923.5079804308,129143924.297438
210,E07000212,Runnymede,PM10 annual mean Limit Value 2022,21,μg m⁻³,Compliant,Limit Value: 40 μg m⁻³,{30D29B15-B751-402A-A30B-CBDB178C5F9C},45677.2898592863,78040686.6911876
211,E07000213,Spelthorne,PM10 annual mean Limit Value 2022,20,μg m⁻³,Compliant,Limit Value: 40 μg m⁻³,{D3C1F183-9245-4305-B712-F8CDE0E330B9},44134.4491837054,51161362.6652056
212,E07000214,Surrey Heath,PM10 annual mean Limit Value 2022,20,μg m⁻³,Compliant,Limit Value: 40 μg m⁻³,{B5EF7139-5DDE-4F23-A82C-4654E0ABFA11},53559.6224961713,95092959.252587
213,E07000215,Tandridge,PM10 annual mean Limit Value 2022,15,μg m⁻³,Compliant,Limit Value: 40 μg m⁻³,{784C3861-FC18-4766-924C-281241CD324E},83136.7824737629,248194569.761402
214,E07000216,Waverley,PM10 annual mean Limit Value 2022,15,μg m⁻³,Compliant,Limit Value: 40 μg m⁻³,{C05D2CC8-F131-4EA1-8435-7D03423788E2},125435.762711868,345170238.029916
215,E07000217,Woking,PM10 annual mean Limit Value 2022,18,μg m⁻³,Compliant,Limit Value: 40 μg m⁻³,{48F53609-8A79-4E56-A806-CB325086D2DF},54781.3272127086,63603603.4636268
216,E07000218,North Warwickshire,PM10 annual mean Limit Value 2022,17,μg m⁻³,Compliant,Limit Value: 40 μg m⁻³,{2E286B29-936D-485D-87C7-839BE67A881A},113230.423180909,284261502.742975
217,E07000219,Nuneaton and Bedworth,PM10 annual mean Limit Value 2022,19,μg m⁻³,Compliant,Limit Value: 40 μg m⁻³,{A303E798-FFAA-4E34-A03E-C96E8388F35B},48148.5849617251,78950291.6448386
218,E07000220,Rugby,PM10 annual mean Limit Value 2022,19,μg m⁻³,Compliant,Limit Value: 40 μg m⁻³,{F763EADB-723D-4C3A-9E4C-E9D56ACF68B0},115093.419606897,353557288.510639
219,E07000221,Stratford-on-Avon,PM10 annual mean Limit Value 2022,16,μg m⁻³,Compliant,Limit Value: 40 μg m⁻³,{A3F09D67-0D13-4A9E-BBDC-4F232076D735},261383.673616722,977869055.569874
220,E07000222,Warwick,PM10 annual mean Limit Value 2022,15,μg m⁻³,Compliant,Limit Value: 40 μg m⁻³,{B03E9683-24F9-4F54-97D9-C198E526B930},116717.127234739,282882319.745321
221,E07000223,Adur,PM10 annual mean Limit Value 2022,13,μg m⁻³,Compliant,Limit Value: 40 μg m⁻³,{C5155C68-387F-417E-9F81-7C325243C56B},60515.6323454367,42065494.4624085
222,E07000224,Arun,PM10 annual mean Limit Value 2022,15,μg m⁻³,Compliant,Limit Value: 40 μg m⁻³,{4FBAED38-27C2-4044-84A4-939C1260BD8E},156497.760289444,220991201.218704
223,E07000225,Chichester,PM10 annual mean Limit Value 2022,14,μg m⁻³,Compliant,Limit Value: 40 μg m⁻³,{2B34F0C6-B949-4139-B079-0A7A8101AEA6},297274.81035063,786194857.397063
224,E07000226,Crawley,PM10 annual mean Limit Value 2022,15,μg m⁻³,Compliant,Limit Value: 40 μg m⁻³,{F0E8B8DF-320A-4A6A-90A3-1A939CC59786},38799.4149296303,44971203.1523988
225,E07000227,Horsham,PM10 annual mean Limit Value 2022,13,μg m⁻³,Compliant,Limit Value: 40 μg m⁻³,{1596DD25-7C13-47BB-A89B-468AABC08168},215759.51369358,530278365.069772
226,E07000228,Mid Sussex,PM10 annual mean Limit Value 2022,14,μg m⁻³,Compliant,Limit Value: 40 μg m⁻³,{49953FEC-6C7D-4D6E-A34C-D212795E4231},132912.176488487,334029226.734118
227,E07000229,Worthing,PM10 annual mean Limit Value 2022,15,μg m⁻³,Compliant,Limit Value: 40 μg m⁻³,{6DC3033B-12D3-4437-90D4-ED41AF14EBDF},29462.0951932158,32521008.0470744
228,E07000234,Bromsgrove,PM10 annual mean Limit Value 2022,18,μg m⁻³,Compliant,Limit Value: 40 μg m⁻³,{F2AC455A-8383-485F-977B-B7129BC18DAD},113135.305965416,216968481.006756
229,E07000235,Malvern Hills,PM10 annual mean Limit Value 2022,15,μg m⁻³,Compliant,Limit Value: 40 μg m⁻³,{8729E361-B441-4BBD-A57B-D0C143C51F71},230605.355251966,577070979.602111
230,E07000236,Redditch,PM10 annual mean Limit Value 2022,16,μg m⁻³,Compliant,Limit Value: 40 μg m⁻³,{5E1C5EEE-D145-4618-BC54-118A200D65BC},41301.7560073474,54250911.917881
231,E07000237,Worcester,PM10 annual mean Limit Value 2022,15,μg m⁻³,Compliant,Limit Value: 40 μg m⁻³,{8FE2541F-EAE3-44EB-BFB2-9D70B748CD0F},31263.0662757778,33278125.0236459
232,E07000238,Wychavon,PM10 annual mean Limit Value 2022,15,μg m⁻³,Compliant,Limit Value: 40 μg m⁻³,{CAECD80D-9961-4CF3-8166-4961FAB2FB32},219519.701324354,663541973.452684
233,E07000239,Wyre Forest,PM10 annual mean Limit Value 2022,15,μg m⁻³,Compliant,Limit Value: 40 μg m⁻³,{930C5040-4D37-4369-97E9-02FFE2143552},100867.075355581,195403721.028133
234,E07000240,St Albans,PM10 annual mean Limit Value 2022,18,μg m⁻³,Compliant,Limit Value: 40 μg m⁻³,{16EA86E3-C87A-49F5-8629-D72ED565AE50},72946.2848058613,161205874.244272
235,E07000241,Welwyn Hatfield,PM10 annual mean Limit Value 2022,21,μg m⁻³,Compliant,Limit Value: 40 μg m⁻³,{B0B17681-AFD2-4EEE-A5ED-D52FEA92B47D},82391.982996834,129536896.518243
236,E07000242,East Hertfordshire,PM10 annual mean Limit Value 2022,20,μg m⁻³,Compliant,Limit Value: 40 μg m⁻³,{E4ADA86C-E567-4F5A-A0A8-DAB11D04F346},135188.178395544,475669102.364313
237,E07000243,Stevenage,PM10 annual mean Limit Value 2022,18,μg m⁻³,Compliant,Limit Value: 40 μg m⁻³,{5C0EB761-91DD-495A-B795-C9764EF2367F},28588.2613575799,25969241.2793979
238,E07000244,East Suffolk,PM10 annual mean Limit Value 2022,17,μg m⁻³,Compliant,Limit Value: 40 μg m⁻³,{AD299C22-134B-4EC1-8357-08127FFAB8B4},584790.287547835,1260989579.41265
239,E07000245,West Suffolk,PM10 annual mean Limit Value 2022,20,μg m⁻³,Compliant,Limit Value: 40 μg m⁻³,{D284B89C-4D33-4A2E-8B6F-B43787726FA6},274547.455563972,1034675782.90322
240,E07000246,Somerset West and Taunton,PM10 annual mean Limit Value 2022,15,μg m⁻³,Compliant,Limit Value: 40 μg m⁻³,{D8051C55-B884-4E59-9F0F-49CD350AB935},288679.023924563,1189084425.68249
241,E08000001,Bolton,PM10 annual mean Limit Value 2022,18,μg m⁻³,Compliant,Limit Value: 40 μg m⁻³,{88884E8D-CF81-443C-B0CB-FFDFDC71C998},82647.1577312723,139792042.62735
242,E08000002,Bury,PM10 annual mean Limit Value 2022,17,μg m⁻³,Compliant,Limit Value: 40 μg m⁻³,{5B22D3AD-5CB0-4538-9A0C-1888EADEE8E4},68541.6884111012,99460126.878406
243,E08000003,Manchester,PM10 annual mean Limit Value 2022,19,μg m⁻³,Compliant,Limit Value: 40 μg m⁻³,{2CE604C7-D0E4-4258-81E6-805D35666C54},86856.399657304,115648368.019407
244,E08000004,Oldham,PM10 annual mean Limit Value 2022,19,μg m⁻³,Compliant,Limit Value: 40 μg m⁻³,{E3119DA9-267D-4F56-A9D6-F697E10C4367},71165.7204608286,142344917.444295
245,E08000005,Rochdale,PM10 annual mean Limit Value 2022,17,μg m⁻³,Compliant,Limit Value: 40 μg m⁻³,{59CF67E6-9DA3-4E5B-A94D-53E7428599F1},82713.1445559286,158128175.389535
246,E08000006,Salford,PM10 annual mean Limit Value 2022,18,μg m⁻³,Compliant,Limit Value: 40 μg m⁻³,{CBAE597A-CEE5-4A26-BDAB-E7B16FA61D68},63268.741592138,97197278.4970104
247,E08000007,Stockport,PM10 annual mean Limit Value 2022,17,μg m⁻³,Compliant,Limit Value: 40 μg m⁻³,{B2FF7D9B-A5F1-44A1-A50E-2076E6BE5731},73638.5557808954,126040311.275185
248,E08000008,Tameside,PM10 annual mean Limit Value 2022,20,μg m⁻³,Compliant,Limit Value: 40 μg m⁻³,{9D5245F1-BB87-465F-B8C3-585D8DBFEA49},55988.976221364,103154292.986139
249,E08000009,Trafford,PM10 annual mean Limit Value 2022,17,μg m⁻³,Compliant,Limit Value: 40 μg m⁻³,{974E0608-BD30-40B7-85A2-8B08E4257E85},60718.0872123572,106044612.389867
250,E08000010,Wigan,PM10 annual mean Limit Value 2022,18,μg m⁻³,Compliant,Limit Value: 40 μg m⁻³,{6B1E3FB8-8C4C-40BF-A8D0-31EF746AF6A5},88690.3858142558,188171012.467799
251,E08000011,Knowsley,PM10 annual mean Limit Value 2022,18,μg m⁻³,Compliant,Limit Value: 40 μg m⁻³,{D123F57F-79F9-4D14-B789-A5FFCF60D096},68167.3691636953,86500060.7557361
252,E08000012,Liverpool,PM10 annual mean Limit Value 2022,18,μg m⁻³,Compliant,Limit Value: 40 μg m⁻³,{59EF1438-9B33-4A3C-BA77-0EBB1A350D6E},62699.7487831678,111835572.36201
253,E08000013,St. Helens,PM10 annual mean Limit Value 2022,19,μg m⁻³,Compliant,Limit Value: 40 μg m⁻³,{D5DAEFE3-4212-4C1D-9085-CEB916BCCA0E},76386.889589881,136358793.482882
254,E08000014,Sefton,PM10 annual mean Limit Value 2022,20,μg m⁻³,Compliant,Limit Value: 40 μg m⁻³,{4E2B29C7-CC4B-4E52-8749-614EC863D133},130345.752802741,156578243.92381
255,E08000015,Wirral,PM10 annual mean Limit Value 2022,15,μg m⁻³,Compliant,Limit Value: 40 μg m⁻³,{A2E5EF53-5A33-41F9-BBFE-CF553548F01D},133924.408539141,160922013.989637
256,E08000016,Barnsley,PM10 annual mean Limit Value 2022,15,μg m⁻³,Compliant,Limit Value: 40 μg m⁻³,{6D7456A4-33A4-45C1-A1EC-10FDC6322540},126421.141156487,329077594.503711
257,E08000017,Doncaster,PM10 annual mean Limit Value 2022,17,μg m⁻³,Compliant,Limit Value: 40 μg m⁻³,{FF5505BA-5E04-4F66-91DE-F1D1356A4734},171114.48848027,568006405.286511
258,E08000018,Rotherham,PM10 annual mean Limit Value 2022,17,μg m⁻³,Compliant,Limit Value: 40 μg m⁻³,{6B4AA228-6AE2-4488-A832-DAAAD1A1ED3F},106151.90384443,286534366.876585
259,E08000019,Sheffield,PM10 annual mean Limit Value 2022,17,μg m⁻³,Compliant,Limit Value: 40 μg m⁻³,{C0BB242E-3DA0-453B-A375-44421D570543},132837.066229986,367930013.451283
260,E08000021,Newcastle upon Tyne,PM10 annual mean Limit Value 2022,20,μg m⁻³,Compliant,Limit Value: 40 μg m⁻³,{959BE225-2A82-43BC-9A89-F6419770735E},65224.1224978586,113446877.564819
261,E08000022,North Tyneside,PM10 annual mean Limit Value 2022,19,μg m⁻³,Compliant,Limit Value: 40 μg m⁻³,{EBC015B1-1840-4D3C-9B21-B69B3548C28F},65347.6718882177,82311584.9263394
262,E08000023,South Tyneside,PM10 annual mean Limit Value 2022,19,μg m⁻³,Compliant,Limit Value: 40 μg m⁻³,{F22BA42F-4D7C-4C74-87EA-18144ED2C6A9},51335.2667794196,64420348.6388854
263,E08000024,Sunderland,PM10 annual mean Limit Value 2022,18,μg m⁻³,Compliant,Limit Value: 40 μg m⁻³,{0C45B747-5E5C-4BA6-9010-C89EA66538D3},99824.6252634884,137436258.072006
264,E08000025,Birmingham,PM10 annual mean Limit Value 2022,22,μg m⁻³,Compliant,Limit Value: 40 μg m⁻³,{3ADD6E85-7B5C-4468-ACDA-8E8BA4701A13},106260.619497994,267791058.7982
265,E08000026,Coventry,PM10 annual mean Limit Value 2022,19,μg m⁻³,Compliant,Limit Value: 40 μg m⁻³,{0C77F742-63F0-4B99-B9E2-54EA77BB18F1},54057.1910587664,98639060.6570548
266,E08000027,Dudley,PM10 annual mean Limit Value 2022,19,μg m⁻³,Compliant,Limit Value: 40 μg m⁻³,{37111401-1A95-4A64-A048-1AD30A73A2D8},75382.2802756355,97958243.3410325
267,E08000028,Sandwell,PM10 annual mean Limit Value 2022,21,μg m⁻³,Compliant,Limit Value: 40 μg m⁻³,{19A65AAF-ACF5-456B-B94E-819787BAF72A},59211.0011310175,85558927.8995642
268,E08000029,Solihull,PM10 annual mean Limit Value 2022,20,μg m⁻³,Compliant,Limit Value: 40 μg m⁻³,{D6D8B263-1CB3-49BE-A8E1-28B344159D9D},101031.275128473,178282117.055431
269,E08000030,Walsall,PM10 annual mean Limit Value 2022,21,μg m⁻³,Compliant,Limit Value: 40 μg m⁻³,{1EBA7D31-94D2-434C-8D3D-C6643769A320},59401.1794285966,103973538.346297
270,E08000031,Wolverhampton,PM10 annual mean Limit Value 2022,20,μg m⁻³,Compliant,Limit Value: 40 μg m⁻³,{5C9A9BB2-B771-4961-8524-38446F1DDEB4},56054.7886611398,69436709.4774898
271,E08000032,Bradford,PM10 annual mean Limit Value 2022,17,μg m⁻³,Compliant,Limit Value: 40 μg m⁻³,{315A221D-EDF2-4F9C-80CB-60A295184C79},135920.365236872,366419745.436529
272,E08000033,Calderdale,PM10 annual mean Limit Value 2022,16,μg m⁻³,Compliant,Limit Value: 40 μg m⁻³,{F28D4266-DF43-4FF5-8857-95558724DABA},107687.187293662,363960992.684863
273,E08000034,Kirklees,PM10 annual mean Limit Value 2022,18,μg m⁻³,Compliant,Limit Value: 40 μg m⁻³,{FC54F149-E11F-4771-AE01-CEA43F7AD9BF},125668.277769938,408551660.797515
274,E08000035,Leeds,PM10 annual mean Limit Value 2022,20,μg m⁻³,Compliant,Limit Value: 40 μg m⁻³,{3424FFAA-8B65-437A-B6D5-6D3A16D14397},161521.735517059,551706535.832653
275,E08000036,Wakefield,PM10 annual mean Limit Value 2022,20,μg m⁻³,Compliant,Limit Value: 40 μg m⁻³,{861C3CF3-1794-49D4-824A-4384F2139FE5},109447.28637914,338619733.848031
276,E08000037,Gateshead,PM10 annual mean Limit Value 2022,19,μg m⁻³,Compliant,Limit Value: 40 μg m⁻³,{CB2515FC-A3E2-4064-B1A6-E4E577254EA9},89794.0623720492,142354807.58406
277,E09000001,City of London,PM10 annual mean Limit Value 2022,24,μg m⁻³,Compliant,Limit Value: 40 μg m⁻³,{967DACFB-7949-4C59-B4D8-D55C9AAC5E66},9404.60040928951,2889678.8227915
278,E09000002,Barking and Dagenham,PM10 annual mean Limit Value 2022,23,μg m⁻³,Compliant,Limit Value: 40 μg m⁻³,{E5CB2F87-83AF-4D13-A189-C5114DAB2B3D},40903.0061195045,36101367.4379851
279,E09000003,Barnet,PM10 annual mean Limit Value 2022,24,μg m⁻³,Compliant,Limit Value: 40 μg m⁻³,{9938EB08-D278-402B-81B9-0222CF75AD3F},50937.7781770676,86766703.236342
280,E09000004,Bexley,PM10 annual mean Limit Value 2022,21,μg m⁻³,Compliant,Limit Value: 40 μg m⁻³,{489D85EB-4EF2-48A8-A308-8966197E6262},47959.4902384452,60578408.3854902
281,E09000005,Brent,PM10 annual mean Limit Value 2022,25,μg m⁻³,Compliant,Limit Value: 40 μg m⁻³,{243A82E1-6222-483E-9F48-F14674C42CA1},38441.4621103205,43236364.4997335
282,E09000006,Bromley,PM10 annual mean Limit Value 2022,18,μg m⁻³,Compliant,Limit Value: 40 μg m⁻³,{4C458AC1-40FC-43D8-A037-24EC67902B52},76225.7196547586,150132482.603206
283,E09000007,Camden,PM10 annual mean Limit Value 2022,25,μg m⁻³,Compliant,Limit Value: 40 μg m⁻³,{B83E85B5-9D7C-43F4-9960-8AF20168398B},26245.739181562,21778579.6560004
284,E09000008,Croydon,PM10 annual mean Limit Value 2022,20,μg m⁻³,Compliant,Limit Value: 40 μg m⁻³,{E0897FAB-70DB-430F-AEE7-E581163EE0D9},58721.1957720401,86488720.6605294
285,E09000009,Ealing,PM10 annual mean Limit Value 2022,31,μg m⁻³,Compliant,Limit Value: 40 μg m⁻³,{BAAE8CA5-0F61-46FB-81B4-D8174D31E754},47461.4174836169,55542068.9728746
286,E09000010,Enfield,PM10 annual mean Limit Value 2022,25,μg m⁻³,Compliant,Limit Value: 40 μg m⁻³,{BA43C786-6886-49E8-A6A7-CAB42D80E715},41091.4717649011,82190329.6982779
287,E09000011,Greenwich,PM10 annual mean Limit Value 2022,24,μg m⁻³,Compliant,Limit Value: 40 μg m⁻³,{344A3ACD-6D17-42F0-A8FE-811772F597CA},47635.2867733161,47311233.3829883
288,E09000012,Hackney,PM10 annual mean Limit Value 2022,25,μg m⁻³,Compliant,Limit Value: 40 μg m⁻³,{4F321C7C-F3D0-4A4D-B367-B2541AE4FEF8},25441.8544430666,19043878.1759467
289,E09000013,Hammersmith and Fulham,PM10 annual mean Limit Value 2022,25,μg m⁻³,Compliant,Limit Value: 40 μg m⁻³,{7E514287-CD06-4568-8F85-B8C04D39332C},24008.09587154,16403288.6433932
290,E09000014,Haringey,PM10 annual mean Limit Value 2022,23,μg m⁻³,Compliant,Limit Value: 40 μg m⁻³,{35BD1986-5BC5-450C-8B65-325F525889DD},29085.5089573245,29606188.7568539
291,E09000015,Harrow,PM10 annual mean Limit Value 2022,19,μg m⁻³,Compliant,Limit Value: 40 μg m⁻³,{ED96F4E5-DB4E-460C-AD82-8C2F8F7599EF},33811.7912858702,50464270.393498
292,E09000016,Havering,PM10 annual mean Limit Value 2022,22,μg m⁻³,Compliant,Limit Value: 40 μg m⁻³,{9FA61D84-7EBF-43D9-9B2C-61CAB3544956},63722.7137240531,112343558.252949
293,E09000017,Hillingdon,PM10 annual mean Limit Value 2022,23,μg m⁻³,Compliant,Limit Value: 40 μg m⁻³,{36DD69D0-4AD4-4268-B99E-E1BB35393BC3},63941.0212862205,115704359.838712
294,E09000018,Hounslow,PM10 annual mean Limit Value 2022,23,μg m⁻³,Compliant,Limit Value: 40 μg m⁻³,{BD733513-4639-432F-9683-A675C24A8619},64533.8036505847,55962868.5597138
295,E09000019,Islington,PM10 annual mean Limit Value 2022,25,μg m⁻³,Compliant,Limit Value: 40 μg m⁻³,{7A4BFF9E-4C79-473A-9334-01070F6F7E60},20747.7400804081,14858041.7197012
296,E09000020,Kensington and Chelsea,PM10 annual mean Limit Value 2022,25,μg m⁻³,Compliant,Limit Value: 40 μg m⁻³,{C830B946-9DAF-45E5-A547-42AA1206432A},21062.9409676591,12123771.9001363
297,E09000021,Kingston upon Thames,PM10 annual mean Limit Value 2022,22,μg m⁻³,Compliant,Limit Value: 40 μg m⁻³,{C57BB59E-AB7C-4D93-B485-602B81C4CAA5},37549.9217180313,37259416.9781001
298,E09000022,Lambeth,PM10 annual mean Limit Value 2022,23,μg m⁻³,Compliant,Limit Value: 40 μg m⁻³,{CD81E94F-0BDF-4FA2-998E-D2B98A4C04AF},34048.7120363001,26807014.529104
299,E09000023,Lewisham,PM10 annual mean Limit Value 2022,23,μg m⁻³,Compliant,Limit Value: 40 μg m⁻³,{807E05B5-D759-4B23-B97C-A02951CC47AD},41214.8903254514,35146120.5136567
300,E09000024,Merton,PM10 annual mean Limit Value 2022,21,μg m⁻³,Compliant,Limit Value: 40 μg m⁻³,{3E16514A-D0A1-4A77-8D11-90528E9C336E},32439.5336737713,37624038.2781569
301,E09000025,Newham,PM10 annual mean Limit Value 2022,23,μg m⁻³,Compliant,Limit Value: 40 μg m⁻³,{4EA3397D-86DE-4AC3-A044-7C31B1AEE564},35876.144941093,36195900.4259154
302,E09000026,Redbridge,PM10 annual mean Limit Value 2022,25,μg m⁻³,Compliant,Limit Value: 40 μg m⁻³,{639C732E-BC5A-46EA-B818-29561C52222D},50492.9387840991,56397395.0135452
303,E09000027,Richmond upon Thames,PM10 annual mean Limit Value 2022,20,μg m⁻³,Compliant,Limit Value: 40 μg m⁻³,{F1C563EE-0FB2-48BE-8230-27153E7F1B21},68932.8489734005,57392803.7217089
304,E09000028,Southwark,PM10 annual mean Limit Value 2022,24,μg m⁻³,Compliant,Limit Value: 40 μg m⁻³,{1A7A5CC9-AA0F-4F46-967E-D7A19F55B6A2},34596.3421579807,28877697.1057426
305,E09000029,Sutton,PM10 annual mean Limit Value 2022,18,μg m⁻³,Compliant,Limit Value: 40 μg m⁻³,{2E0FA0AB-2BE2-4A85-B7B7-2103409E5C10},39927.9157122329,43847690.3314867
306,E09000030,Tower Hamlets,PM10 annual mean Limit Value 2022,26,μg m⁻³,Compliant,Limit Value: 40 μg m⁻³,{700ED002-F7C9-4E36-8A87-D960D3573747},28755.0062731481,19770868.2223352
307,E09000031,Waltham Forest,PM10 annual mean Limit Value 2022,25,μg m⁻³,Compliant,Limit Value: 40 μg m⁻³,{F10EE619-6A80-4B42-9FD1-5731E0675832},33346.5752711046,38810231.0116404
308,E09000032,Wandsworth,PM10 annual mean Limit Value 2022,22,μg m⁻³,Compliant,Limit Value: 40 μg m⁻³,{8BD9F113-44F7-4B4B-A6BC-4713C0F7100F},38839.8585877928,34261867.3389499
309,E09000033,Westminster,PM10 annual mean Limit Value 2022,25,μg m⁻³,Compliant,Limit Value: 40 μg m⁻³,{5FA6A554-1C1E-4132-AC6E-179AA30EAFFB},27534.1316680137,21482611.197782
310,N09000001,Antrim and Newtownabbey,PM10 annual mean Limit Value 2022,14,μg m⁻³,Compliant,Limit Value: 40 μg m⁻³,{561E3A3E-55BB-4566-8058-B10F48962647},165144.796009216,728186553.535986
311,N09000002,Armagh City Banbridge and Craigavon,PM10 annual mean Limit Value 2022,16,μg m⁻³,Compliant,Limit Value: 40 μg m⁻³,{E4B45658-075A-4951-9C6E-1FCDD3CF9B6B},243056.187545035,1437068552.81537
312,N09000003,Belfast,PM10 annual mean Limit Value 2022,19,μg m⁻³,Compliant,Limit Value: 40 μg m⁻³,{7F27256D-0A14-4B79-AD51-FDE0AB98EE32},65908.1975172844,137716630.153006
313,N09000004,Causeway Coast and Glens,PM10 annual mean Limit Value 2022,12,μg m⁻³,Compliant,Limit Value: 40 μg m⁻³,{E38049F8-CD2F-43F6-AB32-B87FB4AAEEA2},381749.493068117,1985534511.66811
314,N09000005,Derry City and Strabane,PM10 annual mean Limit Value 2022,14,μg m⁻³,Compliant,Limit Value: 40 μg m⁻³,{3713E32D-B7EF-4C67-BA69-8828090FD5B0},271488.90820484,1251241562.61086
315,N09000006,Fermanagh and Omagh,PM10 annual mean Limit Value 2022,11,μg m⁻³,Compliant,Limit Value: 40 μg m⁻³,{198A963B-7A59-4273-AB67-A9D6CDD8A9E1},426624.028390531,3012114877.30683
316,N09000007,Lisburn and Castlereagh,PM10 annual mean Limit Value 2022,15,μg m⁻³,Compliant,Limit Value: 40 μg m⁻³,{149EA0C2-2282-4696-BA61-28738FF62B90},167382.91602123,510438068.179163
317,N09000008,Mid and East Antrim,PM10 annual mean Limit Value 2022,13,μg m⁻³,Compliant,Limit Value: 40 μg m⁻³,{73786BFF-6331-407A-BEF2-196885787C9E},234862.589304514,1061355466.9921
318,N09000009,Mid Ulster,PM10 annual mean Limit Value 2022,11,μg m⁻³,Compliant,Limit Value: 40 μg m⁻³,{F49B10C7-A824-4E3D-A973-2DE4E170C001},318433.1847641,1957293802.17552
319,N09000010,Newry Mourne and Down,PM10 annual mean Limit Value 2022,12,μg m⁻³,Compliant,Limit Value: 40 μg m⁻³,{19BAAA7C-A6D0-4C13-963E-4C4B8BE8AE63},380092.259434885,1682340590.08843
320,N09000011,Ards and North Down,PM10 annual mean Limit Value 2022,14,μg m⁻³,Compliant,Limit Value: 40 μg m⁻³,{09C7D542-F4D6-43DB-8CD0-0AD7DD47FD93},204687.660819204,566472955.047846
321,S12000005,Clackmannanshire,PM10 annual mean Limit Value 2022,12,μg m⁻³,Compliant,Limit Value: 40 μg m⁻³,{21A5663D-4F89-4FDE-A337-711A26DBDC48},96934.5372320525,159185046.780161
322,S12000006,Dumfries and Galloway,PM10 annual mean Limit Value 2022,11,μg m⁻³,Compliant,Limit Value: 40 μg m⁻³,{8312773E-5927-432F-8F0E-3104765A9863},1207100.79655476,6436566764.09709
323,S12000008,East Ayrshire,PM10 annual mean Limit Value 2022,11,μg m⁻³,Compliant,Limit Value: 40 μg m⁻³,{C44B0817-61D5-4ECE-B6D8-87CFF61D588B},340964.440963998,1270342032.2148
324,S12000010,East Lothian,PM10 annual mean Limit Value 2022,13,μg m⁻³,Compliant,Limit Value: 40 μg m⁻³,{82C393B5-48D1-485A-B76F-B604AF066BF8},202128.87265825,679240892.618404
325,S12000011,East Renfrewshire,PM10 annual mean Limit Value 2022,10,μg m⁻³,Compliant,Limit Value: 40 μg m⁻³,{2C0ED0E9-2DF1-44AE-9E47-BA50D89C5FE3},93882.4298837804,174249494.081675
326,S12000013,Na h-Eileanan Siar,PM10 annual mean Limit Value 2022,7,μg m⁻³,Compliant,Limit Value: 40 μg m⁻³,{22B392CB-86BF-4760-BF3E-2DE9BDFD9ED7},3871068.33882002,3096614749.11111
327,S12000014,Falkirk,PM10 annual mean Limit Value 2022,14,μg m⁻³,Compliant,Limit Value: 40 μg m⁻³,{098494B3-F4CA-4E2F-A4EC-F043D399D376},169062.826125422,297127560.139272
328,S12000017,Highland,PM10 annual mean Limit Value 2022,10,μg m⁻³,Compliant,Limit Value: 40 μg m⁻³,{65B8B622-2D76-4153-B29D-C391B42FDB82},5228313.52755599,26158744575.5182
329,S12000018,Inverclyde,PM10 annual mean Limit Value 2022,12,μg m⁻³,Compliant,Limit Value: 40 μg m⁻³,{E83BB7EE-7792-4D98-A2FA-0D92F4AC4CAA},79292.1188586132,161948856.608221
330,S12000019,Midlothian,PM10 annual mean Limit Value 2022,14,μg m⁻³,Compliant,Limit Value: 40 μg m⁻³,{E378E890-A7DF-4010-9D67-4140B137B037},126470.990462398,355271578.326523
331,S12000020,Moray,PM10 annual mean Limit Value 2022,10,μg m⁻³,Compliant,Limit Value: 40 μg m⁻³,{830BE235-41E6-4A07-A95A-BE34EE3A5D95},463278.218108749,2237554237.4717
332,S12000021,North Ayrshire,PM10 annual mean Limit Value 2022,10,μg m⁻³,Compliant,Limit Value: 40 μg m⁻³,{26E0D1EA-1E91-461B-84DC-37276CFAE074},350167.48132578,885284942.954869
333,S12000023,Orkney Islands,PM10 annual mean Limit Value 2022,7,μg m⁻³,Compliant,Limit Value: 40 μg m⁻³,{02E491CF-B8F1-46B7-A28E-9ADB8F5F3412},1203117.0091449,1015036193.374
334,S12000026,Scottish Borders,PM10 annual mean Limit Value 2022,11,μg m⁻³,Compliant,Limit Value: 40 μg m⁻³,{EB344BD5-F895-4148-A071-4AC509B95732},514330.561763588,4739167854.45028
335,S12000027,Shetland Islands,PM10 annual mean Limit Value 2022,6,μg m⁻³,Compliant,Limit Value: 40 μg m⁻³,{FA0B8BEC-7C83-4B89-835B-1CDEB6366124},2321876.16010252,1468514416.84475
336,S12000028,South Ayrshire,PM10 annual mean Limit Value 2022,10,μg m⁻³,Compliant,Limit Value: 40 μg m⁻³,{72236E1C-D2DE-4F40-B7A1-0A886939F028},334722.079696846,1224369285.16605
337,S12000029,South Lanarkshire,PM10 annual mean Limit Value 2022,17,μg m⁻³,Compliant,Limit Value: 40 μg m⁻³,{E6B57C15-0FE3-4DE0-8766-2329FFE6CB2B},284527.322494954,1773897195.3437
338,S12000030,Stirling,PM10 annual mean Limit Value 2022,14,μg m⁻³,Compliant,Limit Value: 40 μg m⁻³,{ECD90977-0B96-44DC-8B9A-BE64332F13E4},374946.182274352,2252533429.02213
339,S12000033,Aberdeen City,PM10 annual mean Limit Value 2022,13,μg m⁻³,Compliant,Limit Value: 40 μg m⁻³,{825660C5-6AE3-449B-A8A3-42398AB0CE4E},123490.692834601,185566198.962722
340,S12000034,Aberdeenshire,PM10 annual mean Limit Value 2022,13,μg m⁻³,Compliant,Limit Value: 40 μg m⁻³,{7A5729C2-D9AF-4026-B4AB-C2D079543C9D},795104.459048162,6318011418.76714
341,S12000035,Argyll and Bute,PM10 annual mean Limit Value 2022,8,μg m⁻³,Compliant,Limit Value: 40 μg m⁻³,{3722BE0A-F779-4701-8498-3A54F44CBB8F},3795946.11257694,7005854069.48816
342,S12000036,City of Edinburgh,PM10 annual mean Limit Value 2022,17,μg m⁻³,Compliant,Limit Value: 40 μg m⁻³,{7903BC52-AE1E-4E5F-AF1E-5E0B79CA5FDD},110339.006536691,263390596.412176
343,S12000038,Renfrewshire,PM10 annual mean Limit Value 2022,13,μg m⁻³,Compliant,Limit Value: 40 μg m⁻³,{321A2603-3A39-430A-B7AD-CAE9BA36DB8A},131636.108048526,261487693.123717
344,S12000039,West Dunbartonshire,PM10 annual mean Limit Value 2022,12,μg m⁻³,Compliant,Limit Value: 40 μg m⁻³,{0605A3C4-EBAC-4F66-B38C-5E21913B4A68},103696.856598265,177320342.664825
345,S12000040,West Lothian,PM10 annual mean Limit Value 2022,13,μg m⁻³,Compliant,Limit Value: 40 μg m⁻³,{E3B09015-E946-4EAF-B766-05B68527887D},134896.994739104,428772888.98765
346,S12000041,Angus,PM10 annual mean Limit Value 2022,13,μg m⁻³,Compliant,Limit Value: 40 μg m⁻³,{22A42379-694C-4A2F-A4FD-FFD29789E94D},328926.663947585,2184982991.10124
347,S12000042,Dundee City,PM10 annual mean Limit Value 2022,13,μg m⁻³,Compliant,Limit Value: 40 μg m⁻³,{E6C10BEE-48EB-416B-AED8-4EA9DC8AF84F},47831.2210168885,59800691.0851123
348,S12000045,East Dunbartonshire,PM10 annual mean Limit Value 2022,12,μg m⁻³,Compliant,Limit Value: 40 μg m⁻³,{6E0A4B5E-605B-433E-A5DA-08C6092AB842},99602.3601592653,174489023.422349
349,S12000047,Fife,PM10 annual mean Limit Value 2022,14,μg m⁻³,Compliant,Limit Value: 40 μg m⁻³,{AFD5A560-4540-4B57-BD67-644BDEC83698},358326.920220925,1325190177.81807
350,S12000048,Perth and Kinross,PM10 annual mean Limit Value 2022,12,μg m⁻³,Compliant,Limit Value: 40 μg m⁻³,{A04C472D-8ED1-4F8D-BC6D-DCBEF9579A04},633252.328522912,5383770897.17152
351,S12000049,Glasgow City,PM10 annual mean Limit Value 2022,15,μg m⁻³,Compliant,Limit Value: 40 μg m⁻³,{84D0F029-5581-49AE-BF1A-88F30188F2BF},135582.99800793,174621293.706873
352,S12000050,North Lanarkshire,PM10 annual mean Limit Value 2022,18,μg m⁻³,Compliant,Limit Value: 40 μg m⁻³,{1BFF9CEC-A0E4-45CF-98A7-FFD9F5AE0550},163984.671595743,472309075.162361
353,W06000001,Isle of Anglesey,PM10 annual mean Limit Value 2022,10,μg m⁻³,Compliant,Limit Value: 40 μg m⁻³,{0FB262F0-1FD4-4CF5-AD7B-C3345348753F},378962.15354984,715212566.823742
354,W06000002,Gwynedd,PM10 annual mean Limit Value 2022,12,μg m⁻³,Compliant,Limit Value: 40 μg m⁻³,{B9DB11F4-FE69-45DC-BAB5-BB30FC19E6EE},643031.186078297,2548293001.49182
355,W06000003,Conwy,PM10 annual mean Limit Value 2022,15,μg m⁻³,Compliant,Limit Value: 40 μg m⁻³,{C9E5AB68-C52A-4C6B-BA54-75AD3EC6F2E0},283264.262204982,1130178952.57124
356,W06000004,Denbighshire,PM10 annual mean Limit Value 2022,12,μg m⁻³,Compliant,Limit Value: 40 μg m⁻³,{158DF6F5-D822-4440-BA9A-CCCAD11F4582},228754.688991225,838716186.145463
357,W06000005,Flintshire,PM10 annual mean Limit Value 2022,19,μg m⁻³,Compliant,Limit Value: 40 μg m⁻³,{2C37FBC6-6FA1-498D-83AB-F7F80119D329},239008.264926854,439830286.776266
358,W06000006,Wrexham,PM10 annual mean Limit Value 2022,17,μg m⁻³,Compliant,Limit Value: 40 μg m⁻³,{A2D2ACFC-B1EF-41DD-A8A1-3B68A4181151},190040.487574015,503773487.93262
359,W06000008,Ceredigion,PM10 annual mean Limit Value 2022,11,μg m⁻³,Compliant,Limit Value: 40 μg m⁻³,{6136FA77-8475-4FA1-AE02-45B31D1E79DC},382134.551623008,1788379278.2018
360,W06000009,Pembrokeshire,PM10 annual mean Limit Value 2022,12,μg m⁻³,Compliant,Limit Value: 40 μg m⁻³,{0CA4BB8D-EC82-40DB-8842-6BA0AC5DC8B2},743271.411676897,1618344602.56812
361,W06000010,Carmarthenshire,PM10 annual mean Limit Value 2022,14,μg m⁻³,Compliant,Limit Value: 40 μg m⁻³,{74E72CD2-479F-48A0-94BE-40FC750EAC37},591758.358208378,2371104004.24184
362,W06000011,Swansea,PM10 annual mean Limit Value 2022,18,μg m⁻³,Compliant,Limit Value: 40 μg m⁻³,{C5F154C2-254C-44EC-AF8E-467143FA6DF1},270826.91229845,377614559.601041
363,W06000012,Neath Port Talbot,PM10 annual mean Limit Value 2022,26,μg m⁻³,Compliant,Limit Value: 40 μg m⁻³,{59736DEA-10AA-4C82-A8B2-63AAD6596CBA},182189.873896437,442272615.121089
364,W06000013,Bridgend,PM10 annual mean Limit Value 2022,15,μg m⁻³,Compliant,Limit Value: 40 μg m⁻³,{4C4DEDF4-5701-423F-9CEC-6FFEFB782F88},93192.1892347876,250785304.379961
365,W06000014,Vale of Glamorgan,PM10 annual mean Limit Value 2022,15,μg m⁻³,Compliant,Limit Value: 40 μg m⁻³,{A2135AC4-60D6-4A8F-9AF8-99A4468C76CE},108403.096935855,331261393.923654
366,W06000015,Cardiff,PM10 annual mean Limit Value 2022,21,μg m⁻³,Compliant,Limit Value: 40 μg m⁻³,{43150D9A-0EFA-41DE-9A70-8092AE82CB39},79618.4229383758,142303624.581364
367,W06000016,Rhondda Cynon Taf,PM10 annual mean Limit Value 2022,19,μg m⁻³,Compliant,Limit Value: 40 μg m⁻³,{A7EAC8B1-88BC-4B0A-A6CB-D3AAC78C9381},130240.624602837,424150424.955384
368,W06000018,Caerphilly,PM10 annual mean Limit Value 2022,16,μg m⁻³,Compliant,Limit Value: 40 μg m⁻³,{225FD2A7-2143-46B1-9B99-BFC9CAC1DA68},116205.600666614,277387820.795293
369,W06000019,Blaenau Gwent,PM10 annual mean Limit Value 2022,14,μg m⁻³,Compliant,Limit Value: 40 μg m⁻³,{176DDE4B-9F2B-436F-B612-BA983C2FA87F},65601.6744409078,108728048.165286
370,W06000020,Torfaen,PM10 annual mean Limit Value 2022,17,μg m⁻³,Compliant,Limit Value: 40 μg m⁻³,{61202093-4F1A-49E7-8981-15CA482B4B16},82544.7709799912,126239927.8676
371,W06000021,Monmouthshire,PM10 annual mean Limit Value 2022,18,μg m⁻³,Compliant,Limit Value: 40 μg m⁻³,{894D3A25-0F78-45D5-A7BB-47D1C308CFC2},224917.242780518,850326621.679468
372,W06000022,Newport,PM10 annual mean Limit Value 2022,19,μg m⁻³,Compliant,Limit Value: 40 μg m⁻³,{832A7E2D-9132-4D9B-BB47-6A3EC056FC90},153216.300044048,190431130.834864
373,W06000023,Powys,PM10 annual mean Limit Value 2022,12,μg m⁻³,Compliant,Limit Value: 40 μg m⁻³,{D8DCB74C-E63E-4522-8795-1F33EE8FC3B8},610121.315602945,5195311014.48908
374,W06000024,Merthyr Tydfil,PM10 annual mean Limit Value 2022,13,μg m⁻³,Compliant,Limit Value: 40 μg m⁻³,{68A28FFC-B995-4D1B-BFB4-55CE1D2753F9},66696.8154449643,111957012.020428
